city,target,week,value,source,metric
Los Angeles,covN2,2025-08-03,35.63480881115694,California (CDPH/NWSS; copies/L ÷ fecal marker),fecal_normalized
Los Angeles,covN2,2025-08-10,41.932915693267866,California (CDPH/NWSS; copies/L ÷ fecal marker),fecal_normalized
Los Angeles,covN2,2025-08-17,37.09835631341298,California (CDPH/NWSS; copies/L ÷ fecal marker),fecal_normalized
Los Angeles,covN2,2025-08-24,99.50461573767335,California (CDPH/NWSS; copies/L ÷ fecal marker),fecal_normalized
Los Angeles,covN2,2025-08-31,59.05452176623432,California (CDPH/NWSS; copies/L ÷ fecal marker),fecal_normalized
Los Angeles,covN2,2025-09-07,46.95664785133209,California (CDPH/NWSS; copies/L ÷ fecal marker),fecal_normalized
Los Angeles,covN2,2025-09-14,5.393134143019952,California (CDPH/NWSS; copies/L ÷ fecal marker),fecal_normalized
Los Angeles,covN2,2025-09-21,7.174089879676562,California (CDPH/NWSS; copies/L ÷ fecal marker),fecal_normalized
Los Angeles,covN2,2025-09-28,37.56862981142422,California (CDPH/NWSS; copies/L ÷ fecal marker),fecal_normalized
Los Angeles,covN2,2025-10-05,2.3031829843617295,California (CDPH/NWSS; copies/L ÷ fecal marker),fecal_normalized
Los Angeles,covN2,2025-10-12,8.416218737405552,California (CDPH/NWSS; copies/L ÷ fecal marker),fecal_normalized
Los Angeles,covN2,2025-10-19,12.599646361914528,California (CDPH/NWSS; copies/L ÷ fecal marker),fecal_normalized
Los Angeles,covN2,2025-10-26,6.103678060206953,California (CDPH/NWSS; copies/L ÷ fecal marker),fecal_normalized
Los Angeles,covN2,2025-11-02,4.06631394269984,California (CDPH/NWSS; copies/L ÷ fecal marker),fecal_normalized
Los Angeles,covN2,2025-11-09,3.032053277801845,California (CDPH/NWSS; copies/L ÷ fecal marker),fecal_normalized
Los Angeles,covN2,2025-11-16,6.996415882118305,California (CDPH/NWSS; copies/L ÷ fecal marker),fecal_normalized
Los Angeles,covN2,2025-11-23,6.499171431804783,California (CDPH/NWSS; copies/L ÷ fecal marker),fecal_normalized
Los Angeles,covN2,2025-11-30,8.45399981967285,California (CDPH/NWSS; copies/L ÷ fecal marker),fecal_normalized
Los Angeles,covN2,2025-12-07,14.84303436078796,California (CDPH/NWSS; copies/L ÷ fecal marker),fecal_normalized
Los Angeles,covN2,2025-12-14,0.3039955425219528,California (CDPH/NWSS; copies/L ÷ fecal marker),fecal_normalized
Los Angeles,covN2,2025-12-21,0.0,California (CDPH/NWSS; copies/L ÷ fecal marker),fecal_normalized
Los Angeles,covN2,2025-12-28,2.991585993722031,California (CDPH/NWSS; copies/L ÷ fecal marker),fecal_normalized
Los Angeles,covN2,2026-01-04,12.290180224317227,California (CDPH/NWSS; copies/L ÷ fecal marker),fecal_normalized
Los Angeles,covN2,2026-01-11,5.282041687015108,California (CDPH/NWSS; copies/L ÷ fecal marker),fecal_normalized
Los Angeles,covN2,2026-01-18,17.91972472391787,California (CDPH/NWSS; copies/L ÷ fecal marker),fecal_normalized
Los Angeles,covN2,2026-01-25,6.648688434306579,California (CDPH/NWSS; copies/L ÷ fecal marker),fecal_normalized
Los Angeles,covN2,2026-02-01,5.247400448670004,California (CDPH/NWSS; copies/L ÷ fecal marker),fecal_normalized
Los Angeles,covN2,2026-02-08,1.5165990068013946,California (CDPH/NWSS; copies/L ÷ fecal marker),fecal_normalized
Los Angeles,covN2,2026-02-15,3.5689755587635794,California (CDPH/NWSS; copies/L ÷ fecal marker),fecal_normalized
Los Angeles,covN2,2026-02-22,8.52603678417239,California (CDPH/NWSS; copies/L ÷ fecal marker),fecal_normalized
Los Angeles,covN2,2026-03-01,5.956072682487989,California (CDPH/NWSS; copies/L ÷ fecal marker),fecal_normalized
Los Angeles,covN2,2026-03-08,1.802539018323017,California (CDPH/NWSS; copies/L ÷ fecal marker),fecal_normalized
Los Angeles,covN2,2026-03-15,0.7857057592687838,California (CDPH/NWSS; copies/L ÷ fecal marker),fecal_normalized
Los Angeles,covN2,2026-03-22,1.7680763720994417,California (CDPH/NWSS; copies/L ÷ fecal marker),fecal_normalized
Los Angeles,covN2,2026-03-29,1.6192298948555077,California (CDPH/NWSS; copies/L ÷ fecal marker),fecal_normalized
Los Angeles,covN2,2026-04-05,1.2203810098668428,California (CDPH/NWSS; copies/L ÷ fecal marker),fecal_normalized
Los Angeles,covN2,2026-04-12,0.8102760098123724,California (CDPH/NWSS; copies/L ÷ fecal marker),fecal_normalized
Los Angeles,covN2,2026-04-19,2.4659356486767448,California (CDPH/NWSS; copies/L ÷ fecal marker),fecal_normalized
Los Angeles,covN2,2026-04-26,1.2874831474532311,California (CDPH/NWSS; copies/L ÷ fecal marker),fecal_normalized
Los Angeles,covN2,2026-05-03,1.136225730565873,California (CDPH/NWSS; copies/L ÷ fecal marker),fecal_normalized
Los Angeles,covN2,2026-05-10,5.077119866790722,California (CDPH/NWSS; copies/L ÷ fecal marker),fecal_normalized
Los Angeles,covN2,2026-05-17,1.0447346313746912,California (CDPH/NWSS; copies/L ÷ fecal marker),fecal_normalized
Los Angeles,covN2,2026-05-24,0.0,California (CDPH/NWSS; copies/L ÷ fecal marker),fecal_normalized
Los Angeles,covN2,2026-05-31,1.3115823134398592,California (CDPH/NWSS; copies/L ÷ fecal marker),fecal_normalized
Los Angeles,covN2,2026-06-07,0.0,California (CDPH/NWSS; copies/L ÷ fecal marker),fecal_normalized
Los Angeles,covN2,2026-06-14,1.593508642152808,California (CDPH/NWSS; copies/L ÷ fecal marker),fecal_normalized
Los Angeles,covN2,2026-06-21,3.162682434424304,California (CDPH/NWSS; copies/L ÷ fecal marker),fecal_normalized
Los Angeles,covN2,2026-06-28,2.4006645026507107,California (CDPH/NWSS; copies/L ÷ fecal marker),fecal_normalized
Los Angeles,covN2,2026-07-05,0.6985459647201793,California (CDPH/NWSS; copies/L ÷ fecal marker),fecal_normalized
Los Angeles,fluA,2025-08-03,0.0,California (CDPH/NWSS; copies/L ÷ fecal marker),fecal_normalized
Los Angeles,fluA,2025-08-10,0.0,California (CDPH/NWSS; copies/L ÷ fecal marker),fecal_normalized
Los Angeles,fluA,2025-08-17,0.0,California (CDPH/NWSS; copies/L ÷ fecal marker),fecal_normalized
Los Angeles,fluA,2025-08-24,0.0,California (CDPH/NWSS; copies/L ÷ fecal marker),fecal_normalized
Los Angeles,fluA,2025-08-31,0.0,California (CDPH/NWSS; copies/L ÷ fecal marker),fecal_normalized
Los Angeles,fluA,2025-09-07,0.0,California (CDPH/NWSS; copies/L ÷ fecal marker),fecal_normalized
Los Angeles,fluA,2025-09-14,0.0,California (CDPH/NWSS; copies/L ÷ fecal marker),fecal_normalized
Los Angeles,fluA,2025-09-21,0.0,California (CDPH/NWSS; copies/L ÷ fecal marker),fecal_normalized
Los Angeles,fluA,2025-09-28,0.44061368312808313,California (CDPH/NWSS; copies/L ÷ fecal marker),fecal_normalized
Los Angeles,fluA,2025-10-05,0.0,California (CDPH/NWSS; copies/L ÷ fecal marker),fecal_normalized
Los Angeles,fluA,2025-10-12,0.0,California (CDPH/NWSS; copies/L ÷ fecal marker),fecal_normalized
Los Angeles,fluA,2025-10-19,0.0,California (CDPH/NWSS; copies/L ÷ fecal marker),fecal_normalized
Los Angeles,fluA,2025-10-26,0.0,California (CDPH/NWSS; copies/L ÷ fecal marker),fecal_normalized
Los Angeles,fluA,2025-11-02,0.0,California (CDPH/NWSS; copies/L ÷ fecal marker),fecal_normalized
Los Angeles,fluA,2025-11-09,0.0,California (CDPH/NWSS; copies/L ÷ fecal marker),fecal_normalized
Los Angeles,fluA,2025-11-16,0.0,California (CDPH/NWSS; copies/L ÷ fecal marker),fecal_normalized
Los Angeles,fluA,2025-11-23,0.8964479351945426,California (CDPH/NWSS; copies/L ÷ fecal marker),fecal_normalized
Los Angeles,fluA,2025-11-30,0.41530486335309186,California (CDPH/NWSS; copies/L ÷ fecal marker),fecal_normalized
Los Angeles,fluA,2025-12-07,1.5644290638108462,California (CDPH/NWSS; copies/L ÷ fecal marker),fecal_normalized
Los Angeles,fluA,2025-12-14,0.0,California (CDPH/NWSS; copies/L ÷ fecal marker),fecal_normalized
Los Angeles,fluA,2025-12-21,0.0,California (CDPH/NWSS; copies/L ÷ fecal marker),fecal_normalized
Los Angeles,fluA,2025-12-28,2.954752548608402,California (CDPH/NWSS; copies/L ÷ fecal marker),fecal_normalized
Los Angeles,fluA,2026-01-04,6.446388952257408,California (CDPH/NWSS; copies/L ÷ fecal marker),fecal_normalized
Los Angeles,fluA,2026-01-11,5.1408551320635,California (CDPH/NWSS; copies/L ÷ fecal marker),fecal_normalized
Los Angeles,fluA,2026-01-18,11.942248487841267,California (CDPH/NWSS; copies/L ÷ fecal marker),fecal_normalized
Los Angeles,fluA,2026-01-25,0.0,California (CDPH/NWSS; copies/L ÷ fecal marker),fecal_normalized
Los Angeles,fluA,2026-02-01,1.6895826256378406,California (CDPH/NWSS; copies/L ÷ fecal marker),fecal_normalized
Los Angeles,fluA,2026-02-08,0.7016151978591626,California (CDPH/NWSS; copies/L ÷ fecal marker),fecal_normalized
Los Angeles,fluA,2026-02-15,1.1039012637600123,California (CDPH/NWSS; copies/L ÷ fecal marker),fecal_normalized
Los Angeles,fluA,2026-02-22,16.655998282779482,California (CDPH/NWSS; copies/L ÷ fecal marker),fecal_normalized
Los Angeles,fluA,2026-03-01,2.8545005693625236,California (CDPH/NWSS; copies/L ÷ fecal marker),fecal_normalized
Los Angeles,fluA,2026-03-08,0.0,California (CDPH/NWSS; copies/L ÷ fecal marker),fecal_normalized
Los Angeles,fluA,2026-03-15,0.0,California (CDPH/NWSS; copies/L ÷ fecal marker),fecal_normalized
Los Angeles,fluA,2026-03-22,0.307300524592574,California (CDPH/NWSS; copies/L ÷ fecal marker),fecal_normalized
Los Angeles,fluA,2026-03-29,0.0,California (CDPH/NWSS; copies/L ÷ fecal marker),fecal_normalized
Los Angeles,fluA,2026-04-05,0.0,California (CDPH/NWSS; copies/L ÷ fecal marker),fecal_normalized
Los Angeles,fluA,2026-04-12,0.0,California (CDPH/NWSS; copies/L ÷ fecal marker),fecal_normalized
Los Angeles,fluA,2026-04-19,0.0,California (CDPH/NWSS; copies/L ÷ fecal marker),fecal_normalized
Los Angeles,fluA,2026-04-26,0.0,California (CDPH/NWSS; copies/L ÷ fecal marker),fecal_normalized
Los Angeles,fluA,2026-05-03,0.0,California (CDPH/NWSS; copies/L ÷ fecal marker),fecal_normalized
Los Angeles,fluA,2026-05-10,0.0,California (CDPH/NWSS; copies/L ÷ fecal marker),fecal_normalized
Los Angeles,fluA,2026-05-17,0.0,California (CDPH/NWSS; copies/L ÷ fecal marker),fecal_normalized
Los Angeles,fluA,2026-05-24,0.0,California (CDPH/NWSS; copies/L ÷ fecal marker),fecal_normalized
Los Angeles,fluA,2026-05-31,0.0,California (CDPH/NWSS; copies/L ÷ fecal marker),fecal_normalized
Los Angeles,fluA,2026-06-07,0.0,California (CDPH/NWSS; copies/L ÷ fecal marker),fecal_normalized
Los Angeles,fluA,2026-06-14,0.0,California (CDPH/NWSS; copies/L ÷ fecal marker),fecal_normalized
Los Angeles,fluA,2026-06-21,0.0,California (CDPH/NWSS; copies/L ÷ fecal marker),fecal_normalized
Los Angeles,fluA,2026-06-28,0.0,California (CDPH/NWSS; copies/L ÷ fecal marker),fecal_normalized
Los Angeles,fluA,2026-07-05,0.0,California (CDPH/NWSS; copies/L ÷ fecal marker),fecal_normalized
Los Angeles,rsv,2025-08-03,0.0,California (CDPH/NWSS; copies/L ÷ fecal marker),fecal_normalized
Los Angeles,rsv,2025-08-10,0.0,California (CDPH/NWSS; copies/L ÷ fecal marker),fecal_normalized
Los Angeles,rsv,2025-08-17,0.0,California (CDPH/NWSS; copies/L ÷ fecal marker),fecal_normalized
Los Angeles,rsv,2025-08-24,0.0,California (CDPH/NWSS; copies/L ÷ fecal marker),fecal_normalized
Los Angeles,rsv,2025-08-31,0.0,California (CDPH/NWSS; copies/L ÷ fecal marker),fecal_normalized
Los Angeles,rsv,2025-09-07,0.0,California (CDPH/NWSS; copies/L ÷ fecal marker),fecal_normalized
Los Angeles,rsv,2025-09-14,0.0,California (CDPH/NWSS; copies/L ÷ fecal marker),fecal_normalized
Los Angeles,rsv,2025-09-21,0.0,California (CDPH/NWSS; copies/L ÷ fecal marker),fecal_normalized
Los Angeles,rsv,2025-09-28,0.6572003416174514,California (CDPH/NWSS; copies/L ÷ fecal marker),fecal_normalized
Los Angeles,rsv,2025-10-05,0.0,California (CDPH/NWSS; copies/L ÷ fecal marker),fecal_normalized
Los Angeles,rsv,2025-10-12,0.0,California (CDPH/NWSS; copies/L ÷ fecal marker),fecal_normalized
Los Angeles,rsv,2025-10-19,0.0,California (CDPH/NWSS; copies/L ÷ fecal marker),fecal_normalized
Los Angeles,rsv,2025-10-26,0.0,California (CDPH/NWSS; copies/L ÷ fecal marker),fecal_normalized
Los Angeles,rsv,2025-11-02,0.4903071418375526,California (CDPH/NWSS; copies/L ÷ fecal marker),fecal_normalized
Los Angeles,rsv,2025-11-09,0.8050964864915392,California (CDPH/NWSS; copies/L ÷ fecal marker),fecal_normalized
Los Angeles,rsv,2025-11-16,1.0430781725281775,California (CDPH/NWSS; copies/L ÷ fecal marker),fecal_normalized
Los Angeles,rsv,2025-11-23,0.6926306862926372,California (CDPH/NWSS; copies/L ÷ fecal marker),fecal_normalized
Los Angeles,rsv,2025-11-30,0.7473569582120857,California (CDPH/NWSS; copies/L ÷ fecal marker),fecal_normalized
Los Angeles,rsv,2025-12-07,3.138842629016775,California (CDPH/NWSS; copies/L ÷ fecal marker),fecal_normalized
Los Angeles,rsv,2025-12-14,0.0,California (CDPH/NWSS; copies/L ÷ fecal marker),fecal_normalized
Los Angeles,rsv,2025-12-21,0.8137001445119129,California (CDPH/NWSS; copies/L ÷ fecal marker),fecal_normalized
Los Angeles,rsv,2025-12-28,11.983292434310684,California (CDPH/NWSS; copies/L ÷ fecal marker),fecal_normalized
Los Angeles,rsv,2026-01-04,6.642135629424591,California (CDPH/NWSS; copies/L ÷ fecal marker),fecal_normalized
Los Angeles,rsv,2026-01-11,4.171658053135805,California (CDPH/NWSS; copies/L ÷ fecal marker),fecal_normalized
Los Angeles,rsv,2026-01-18,14.446928801157817,California (CDPH/NWSS; copies/L ÷ fecal marker),fecal_normalized
Los Angeles,rsv,2026-01-25,9.573379433742922,California (CDPH/NWSS; copies/L ÷ fecal marker),fecal_normalized
Los Angeles,rsv,2026-02-01,3.023625023964795,California (CDPH/NWSS; copies/L ÷ fecal marker),fecal_normalized
Los Angeles,rsv,2026-02-08,5.115432112062175,California (CDPH/NWSS; copies/L ÷ fecal marker),fecal_normalized
Los Angeles,rsv,2026-02-15,4.643915509385687,California (CDPH/NWSS; copies/L ÷ fecal marker),fecal_normalized
Los Angeles,rsv,2026-02-22,5.07715568001935,California (CDPH/NWSS; copies/L ÷ fecal marker),fecal_normalized
Los Angeles,rsv,2026-03-01,104.73018969772342,California (CDPH/NWSS; copies/L ÷ fecal marker),fecal_normalized
Los Angeles,rsv,2026-03-08,2.779211622981112,California (CDPH/NWSS; copies/L ÷ fecal marker),fecal_normalized
Los Angeles,rsv,2026-03-15,0.0,California (CDPH/NWSS; copies/L ÷ fecal marker),fecal_normalized
Los Angeles,rsv,2026-03-22,2.709212727596471,California (CDPH/NWSS; copies/L ÷ fecal marker),fecal_normalized
Los Angeles,rsv,2026-03-29,3.5615458336942027,California (CDPH/NWSS; copies/L ÷ fecal marker),fecal_normalized
Los Angeles,rsv,2026-04-05,1.8876627509629416,California (CDPH/NWSS; copies/L ÷ fecal marker),fecal_normalized
Los Angeles,rsv,2026-04-12,1.876757527483293,California (CDPH/NWSS; copies/L ÷ fecal marker),fecal_normalized
Los Angeles,rsv,2026-04-19,0.5301863730231562,California (CDPH/NWSS; copies/L ÷ fecal marker),fecal_normalized
Los Angeles,rsv,2026-04-26,0.4527748087105141,California (CDPH/NWSS; copies/L ÷ fecal marker),fecal_normalized
Los Angeles,rsv,2026-05-03,0.0,California (CDPH/NWSS; copies/L ÷ fecal marker),fecal_normalized
Los Angeles,rsv,2026-05-10,0.7497904978006634,California (CDPH/NWSS; copies/L ÷ fecal marker),fecal_normalized
Los Angeles,rsv,2026-05-17,0.0,California (CDPH/NWSS; copies/L ÷ fecal marker),fecal_normalized
Los Angeles,rsv,2026-05-24,0.0,California (CDPH/NWSS; copies/L ÷ fecal marker),fecal_normalized
Los Angeles,rsv,2026-05-31,0.0,California (CDPH/NWSS; copies/L ÷ fecal marker),fecal_normalized
Los Angeles,rsv,2026-06-07,0.0,California (CDPH/NWSS; copies/L ÷ fecal marker),fecal_normalized
Los Angeles,rsv,2026-06-14,0.0,California (CDPH/NWSS; copies/L ÷ fecal marker),fecal_normalized
Los Angeles,rsv,2026-06-21,0.0,California (CDPH/NWSS; copies/L ÷ fecal marker),fecal_normalized
Los Angeles,rsv,2026-06-28,0.6040964851631695,California (CDPH/NWSS; copies/L ÷ fecal marker),fecal_normalized
Los Angeles,rsv,2026-07-05,0.0,California (CDPH/NWSS; copies/L ÷ fecal marker),fecal_normalized
